{
  "r2_matrix": [
    [
      0.7294191122055054,
      0.3597000241279602
    ],
    [
      0.4168946146965027,
      0.7203086614608765
    ]
  ],
  "diagonal": [
    0.7294191122055054,
    0.7203086614608765
  ],
  "off_diagonal": {
    "resnet_to_vit": 0.3597000241279602,
    "vit_to_resnet": 0.4168946146965027
  },
  "universality": true
}