{
  "independent_sae": {
    "resnet_r2": 0.8184406161308289,
    "vit_r2": 0.7540832757949829
  },
  "usae": {
    "resnet_r2": 0.7430850267410278,
    "vit_r2": 0.7496126294136047
  },
  "alignment_tax": {
    "resnet": 0.07535558938980103,
    "vit": 0.004470646381378174,
    "average": 0.0399131178855896
  }
}